{
    "Sheet1":[
     {
      "ranking": 1,
      "name": "RG Sharma",
      "runs": 264,
      "balls": 173,
      "fours": 33,
      "sixes": 9,
      "sr": 152.6,
      "team": "India",
      "opposition": "v Sri Lanka",
      "matchDate": "13-Nov-14"
     },
     {
      "ranking": 2,
      "name": "MJ Guptill",
      "runs": "237*",
      "balls": 163,
      "fours": 24,
      "sixes": 11,
      "sr": 145.39,
      "team": "New Zealand",
      "opposition": "v West Indies",
      "matchDate": "21-Mar-15"
     },
     {
      "ranking": 3,
      "name": "V Sehwag",
      "runs": 219,
      "balls": 149,
      "fours": 25,
      "sixes": 7,
      "sr": 146.97,
      "team": "India",
      "opposition": "v West Indies",
      "matchDate": "08-Dec-11"
     },
     {
      "ranking": 4,
      "name": "CH Gayle",
      "runs": 215,
      "balls": 147,
      "fours": 10,
      "sixes": 16,
      "sr": 146.25,
      "team": "West Indies",
      "opposition": "v Zimbabwe",
      "matchDate": "24-Feb-15"
     },
     {
      "ranking": 5,
      "name": "Fakhar Zaman",
      "runs": "210*",
      "balls": 156,
      "fours": 24,
      "sixes": 5,
      "sr": 134.61,
      "team": "Pakistan",
      "opposition": "v Zimbabwe",
      "matchDate": "20-Jul-18"
     },
     {
      "ranking": 6,
      "name": "RG Sharma",
      "runs": 209,
      "balls": 158,
      "fours": 12,
      "sixes": 16,
      "sr": 132.27,
      "team": "India",
      "opposition": "v Australia",
      "matchDate": "02-Nov-13"
     },
     {
      "ranking": 7,
      "name": "RG Sharma",
      "runs": "208*",
      "balls": 153,
      "fours": 13,
      "sixes": 12,
      "sr": 135.94,
      "team": "India",
      "opposition": "v Sri Lanka",
      "matchDate": "13-Dec-17"
     },
     {
      "ranking": 8,
      "name": "SR Tendulkar",
      "runs": "200*",
      "balls": 147,
      "fours": 25,
      "sixes": 3,
      "sr": 136.05,
      "team": "India",
      "opposition": "v South Africa",
      "matchDate": "24-Feb-10"
     },
     {
      "ranking": 9,
      "name": "CK Coventry",
      "runs": "194*",
      "balls": 156,
      "fours": 16,
      "sixes": 7,
      "sr": 124.35,
      "team": "Zimbabwe",
      "opposition": "v Bangladesh",
      "matchDate": "16-Aug-09"
     },
     {
      "ranking": 10,
      "name": "Saeed Anwar",
      "runs": 194,
      "balls": 146,
      "fours": 22,
      "sixes": 5,
      "sr": 132.87,
      "team": "Pakistan",
      "opposition": "v India",
      "matchDate": "21-May-97"
     },
     {
      "ranking": 11,
      "name": "IVA Richards",
      "runs": "189*",
      "balls": 170,
      "fours": 21,
      "sixes": 5,
      "sr": 111.17,
      "team": "West Indies",
      "opposition": "v England",
      "matchDate": "31-May-84"
     },
     {
      "ranking": 12,
      "name": "MJ Guptill",
      "runs": "189*",
      "balls": 155,
      "fours": 19,
      "sixes": 2,
      "sr": 121.93,
      "team": "New Zealand",
      "opposition": "v England",
      "matchDate": "02-Jun-13"
     },
     {
      "ranking": 13,
      "name": "ST Jayasuriya",
      "runs": 189,
      "balls": 161,
      "fours": 21,
      "sixes": 4,
      "sr": 117.39,
      "team": "Sri Lanka",
      "opposition": "v India",
      "matchDate": "29-Oct-00"
     },
     {
      "ranking": 14,
      "name": "G Kirsten",
      "runs": "188*",
      "balls": 159,
      "fours": 13,
      "sixes": 4,
      "sr": 118.23,
      "team": "South Africa",
      "opposition": "v U.A.E.",
      "matchDate": "16-Feb-96"
     },
     {
      "ranking": 15,
      "name": "SR Tendulkar",
      "runs": "186*",
      "balls": 150,
      "fours": 20,
      "sixes": 3,
      "sr": 124,
      "team": "India",
      "opposition": "v New Zealand",
      "matchDate": "08-Nov-99"
     },
     {
      "ranking": 16,
      "name": "SR Watson",
      "runs": "185*",
      "balls": 96,
      "fours": 15,
      "sixes": 15,
      "sr": 192.7,
      "team": "Australia",
      "opposition": "v Bangladesh",
      "matchDate": "11-Apr-11"
     },
     {
      "ranking": 17,
      "name": "F du Plessis",
      "runs": 185,
      "balls": 141,
      "fours": 16,
      "sixes": 3,
      "sr": 131.2,
      "team": "South Africa",
      "opposition": "v Sri Lanka",
      "matchDate": "07-Feb-17"
     },
     {
      "ranking": 18,
      "name": "MS Dhoni",
      "runs": "183*",
      "balls": 145,
      "fours": 15,
      "sixes": 10,
      "sr": 126.2,
      "team": "India",
      "opposition": "v Sri Lanka",
      "matchDate": "31-Oct-05"
     },
     {
      "ranking": 19,
      "name": "SC Ganguly",
      "runs": 183,
      "balls": 158,
      "fours": 17,
      "sixes": 7,
      "sr": 115.82,
      "team": "India",
      "opposition": "v Sri Lanka",
      "matchDate": "26-May-99"
     },
     {
      "ranking": 20,
      "name": "V Kohli",
      "runs": 183,
      "balls": 148,
      "fours": 22,
      "sixes": 1,
      "sr": 123.64,
      "team": "India",
      "opposition": "v Pakistan",
      "matchDate": "18-Mar-12"
     },
     {
      "ranking": 21,
      "name": "ML Hayden",
      "runs": "181*",
      "balls": 166,
      "fours": 11,
      "sixes": 10,
      "sr": 109.03,
      "team": "Australia",
      "opposition": "v New Zealand",
      "matchDate": "20-Feb-07"
     },
     {
      "ranking": 22,
      "name": "LRPL Taylor",
      "runs": "181*",
      "balls": 147,
      "fours": 17,
      "sixes": 6,
      "sr": 123.12,
      "team": "New Zealand",
      "opposition": "v England",
      "matchDate": "07-Mar-18"
     },
     {
      "ranking": 23,
      "name": "IVA Richards",
      "runs": 181,
      "balls": 125,
      "fours": 16,
      "sixes": 7,
      "sr": 144.8,
      "team": "West Indies",
      "opposition": "v Sri Lanka",
      "matchDate": "13-Oct-87"
     },
     {
      "ranking": 24,
      "name": "MJ Guptill",
      "runs": "180*",
      "balls": 138,
      "fours": 15,
      "sixes": 11,
      "sr": 130.43,
      "team": "New Zealand",
      "opposition": "v South Africa",
      "matchDate": "01-Mar-17"
     },
     {
      "ranking": 25,
      "name": "JJ Roy",
      "runs": 180,
      "balls": 151,
      "fours": 16,
      "sixes": 5,
      "sr": 119.2,
      "team": "England",
      "opposition": "v Australia",
      "matchDate": "14-Jan-18"
     },
     {
      "ranking": 26,
      "name": "DA Warner",
      "runs": 179,
      "balls": 128,
      "fours": 19,
      "sixes": 5,
      "sr": 139.84,
      "team": "Australia",
      "opposition": "v Pakistan",
      "matchDate": "26-Jan-17"
     },
     {
      "ranking": 27,
      "name": "JD Campbell",
      "runs": 179,
      "balls": 137,
      "fours": 15,
      "sixes": 6,
      "sr": 130.65,
      "team": "West Indies",
      "opposition": "v Ireland",
      "matchDate": "05-May-19"
     },
     {
      "ranking": 28,
      "name": "H Masakadza",
      "runs": "178*",
      "balls": 167,
      "fours": 17,
      "sixes": 4,
      "sr": 106.58,
      "team": "Zimbabwe",
      "opposition": "v Kenya",
      "matchDate": "18-Oct-09"
     },
     {
      "ranking": 29,
      "name": "DA Warner",
      "runs": 178,
      "balls": 133,
      "fours": 19,
      "sixes": 5,
      "sr": 133.83,
      "team": "Australia",
      "opposition": "v Afghanistan",
      "matchDate": "04-Mar-15"
     },
     {
      "ranking": 30,
      "name": "Q de Kock",
      "runs": 178,
      "balls": 113,
      "fours": 16,
      "sixes": 11,
      "sr": 157.52,
      "team": "South Africa",
      "opposition": "v Australia",
      "matchDate": "30-Sep-16"
     },
     {
      "ranking": 31,
      "name": "PR Stirling",
      "runs": 177,
      "balls": 134,
      "fours": 21,
      "sixes": 5,
      "sr": 132.08,
      "team": "Ireland",
      "opposition": "v Canada",
      "matchDate": "07-Sep-10"
     },
     {
      "ranking": 32,
      "name": "E Lewis",
      "runs": "176*",
      "balls": 130,
      "fours": 17,
      "sixes": 7,
      "sr": 135.38,
      "team": "West Indies",
      "opposition": "v England",
      "matchDate": "27-Sep-17"
     },
     {
      "ranking": 33,
      "name": "AB de Villiers",
      "runs": 176,
      "balls": 104,
      "fours": 15,
      "sixes": 7,
      "sr": 169.23,
      "team": "South Africa",
      "opposition": "v Bangladesh",
      "matchDate": "18-Oct-17"
     },
     {
      "ranking": 34,
      "name": "N Kapil Dev",
      "runs": "175*",
      "balls": 138,
      "fours": 16,
      "sixes": 6,
      "sr": 126.81,
      "team": "India",
      "opposition": "v Zimbabwe",
      "matchDate": "18-Jun-83"
     },
     {
      "ranking": 35,
      "name": "HH Gibbs",
      "runs": 175,
      "balls": 111,
      "fours": 21,
      "sixes": 7,
      "sr": 157.65,
      "team": "South Africa",
      "opposition": "v Australia",
      "matchDate": "12-Mar-06"
     },
     {
      "ranking": 36,
      "name": "SR Tendulkar",
      "runs": 175,
      "balls": 141,
      "fours": 19,
      "sixes": 4,
      "sr": 124.11,
      "team": "India",
      "opposition": "v Australia",
      "matchDate": "05-Nov-09"
     },
     {
      "ranking": 37,
      "name": "V Sehwag",
      "runs": 175,
      "balls": 140,
      "fours": 14,
      "sixes": 5,
      "sr": 125,
      "team": "India",
      "opposition": "v Bangladesh",
      "matchDate": "19-Feb-11"
     },
     {
      "ranking": 38,
      "name": "CS MacLeod",
      "runs": 175,
      "balls": 141,
      "fours": 14,
      "sixes": 5,
      "sr": 124.11,
      "team": "Scotland",
      "opposition": "v Canada",
      "matchDate": "23-Jan-14"
     },
     {
      "ranking": 39,
      "name": "WU Tharanga",
      "runs": "174*",
      "balls": 159,
      "fours": 19,
      "sixes": 3,
      "sr": 109.43,
      "team": "Sri Lanka",
      "opposition": "v India",
      "matchDate": "02-Jul-13"
     },
     {
      "ranking": 40,
      "name": "ME Waugh",
      "runs": 173,
      "balls": 148,
      "fours": 16,
      "sixes": 3,
      "sr": 116.89,
      "team": "Australia",
      "opposition": "v West Indies",
      "matchDate": "09-Feb-01"
     },
     {
      "ranking": 41,
      "name": "DA Warner",
      "runs": 173,
      "balls": 136,
      "fours": 24,
      "sixes": 0,
      "sr": 127.2,
      "team": "Australia",
      "opposition": "v South Africa",
      "matchDate": "12-Oct-16"
     },
     {
      "ranking": 42,
      "name": "CB Wishart",
      "runs": "172*",
      "balls": 151,
      "fours": 18,
      "sixes": 3,
      "sr": 113.9,
      "team": "Zimbabwe",
      "opposition": "v Namibia",
      "matchDate": "10-Feb-03"
     },
     {
      "ranking": 43,
      "name": "AC Gilchrist",
      "runs": 172,
      "balls": 126,
      "fours": 13,
      "sixes": 3,
      "sr": 136.5,
      "team": "Australia",
      "opposition": "v Zimbabwe",
      "matchDate": "16-Jan-04"
     },
     {
      "ranking": 44,
      "name": "L Vincent",
      "runs": 172,
      "balls": 120,
      "fours": 16,
      "sixes": 9,
      "sr": 143.33,
      "team": "New Zealand",
      "opposition": "v Zimbabwe",
      "matchDate": "24-Aug-05"
     },
     {
      "ranking": 45,
      "name": "GM Turner",
      "runs": "171*",
      "balls": 201,
      "fours": 16,
      "sixes": 2,
      "sr": 85.07,
      "team": "New Zealand",
      "opposition": "v East Africa",
      "matchDate": "07-Jun-75"
     },
     {
      "ranking": 46,
      "name": "RG Sharma",
      "runs": "171*",
      "balls": 163,
      "fours": 13,
      "sixes": 7,
      "sr": 104.9,
      "team": "India",
      "opposition": "v Australia",
      "matchDate": "12-Jan-16"
     },
     {
      "ranking": 47,
      "name": "AD Hales",
      "runs": 171,
      "balls": 122,
      "fours": 22,
      "sixes": 4,
      "sr": 140.16,
      "team": "England",
      "opposition": "v Pakistan",
      "matchDate": "30-Aug-16"
     },
     {
      "ranking": 48,
      "name": "L Ronchi",
      "runs": "170*",
      "balls": 99,
      "fours": 14,
      "sixes": 9,
      "sr": 171.71,
      "team": "New Zealand",
      "opposition": "v Sri Lanka",
      "matchDate": "23-Jan-15"
     },
     {
      "ranking": 49,
      "name": "SD Hope",
      "runs": 170,
      "balls": 152,
      "fours": 22,
      "sixes": 2,
      "sr": 111.84,
      "team": "West Indies",
      "opposition": "v Ireland",
      "matchDate": "05-May-19"
     },
     {
      "ranking": 50,
      "name": "DJ Callaghan",
      "runs": "169*",
      "balls": 143,
      "fours": 19,
      "sixes": 4,
      "sr": 118.18,
      "team": "South Africa",
      "opposition": "v New Zealand",
      "matchDate": "11-Dec-94"
     },
     {
      "ranking": 51,
      "name": "BC Lara",
      "runs": 169,
      "balls": 129,
      "fours": 15,
      "sixes": 4,
      "sr": 131,
      "team": "West Indies",
      "opposition": "v Sri Lanka",
      "matchDate": "16-Oct-95"
     },
     {
      "ranking": 52,
      "name": "KC Sangakkara",
      "runs": 169,
      "balls": 137,
      "fours": 18,
      "sixes": 6,
      "sr": 123.35,
      "team": "Sri Lanka",
      "opposition": "v South Africa",
      "matchDate": "20-Jul-13"
     },
     {
      "ranking": 53,
      "name": "D Ramdin",
      "runs": 169,
      "balls": 121,
      "fours": 8,
      "sixes": 11,
      "sr": 139.66,
      "team": "West Indies",
      "opposition": "v Bangladesh",
      "matchDate": "25-Aug-14"
     },
     {
      "ranking": 54,
      "name": "Q de Kock",
      "runs": "168*",
      "balls": 145,
      "fours": 21,
      "sixes": 2,
      "sr": 115.86,
      "team": "South Africa",
      "opposition": "v Bangladesh",
      "matchDate": "15-Oct-17"
     },
     {
      "ranking": 55,
      "name": "RA Smith",
      "runs": "167*",
      "balls": 163,
      "fours": 17,
      "sixes": 3,
      "sr": 102.45,
      "team": "England",
      "opposition": "v Australia",
      "matchDate": "21-May-93"
     },
     {
      "ranking": 56,
      "name": "BB McCullum",
      "runs": 166,
      "balls": 135,
      "fours": 12,
      "sixes": 10,
      "sr": 122.96,
      "team": "New Zealand",
      "opposition": "v Ireland",
      "matchDate": "01-Jul-08"
     },
     {
      "ranking": 57,
      "name": "DA Warner",
      "runs": 166,
      "balls": 147,
      "fours": 14,
      "sixes": 5,
      "sr": 112.92,
      "team": "Australia",
      "opposition": "v Bangladesh",
      "matchDate": "20-Jun-19"
     },
     {
      "ranking": 58,
      "name": "RT Ponting",
      "runs": 164,
      "balls": 105,
      "fours": 13,
      "sixes": 9,
      "sr": 156.19,
      "team": "Australia",
      "opposition": "v South Africa",
      "matchDate": "12-Mar-06"
     },
     {
      "ranking": 59,
      "name": "SPD Smith",
      "runs": 164,
      "balls": 157,
      "fours": 14,
      "sixes": 4,
      "sr": 104.45,
      "team": "Australia",
      "opposition": "v New Zealand",
      "matchDate": "04-Dec-16"
     },
     {
      "ranking": 60,
      "name": "SR Tendulkar",
      "runs": "163*",
      "balls": 133,
      "fours": 16,
      "sixes": 5,
      "sr": 122.55,
      "team": "India",
      "opposition": "v New Zealand",
      "matchDate": "08-Mar-09"
     },
     {
      "ranking": 61,
      "name": "DA Warner",
      "runs": 163,
      "balls": 157,
      "fours": 13,
      "sixes": 2,
      "sr": 103.82,
      "team": "Australia",
      "opposition": "v Sri Lanka",
      "matchDate": "04-Mar-12"
     },
     {
      "ranking": 62,
      "name": "AB de Villiers",
      "runs": "162*",
      "balls": 66,
      "fours": 17,
      "sixes": 8,
      "sr": 245.45,
      "team": "South Africa",
      "opposition": "v West Indies",
      "matchDate": "27-Feb-15"
     },
     {
      "ranking": 63,
      "name": "JJ Roy",
      "runs": 162,
      "balls": 118,
      "fours": 13,
      "sixes": 3,
      "sr": 137.28,
      "team": "England",
      "opposition": "v Sri Lanka",
      "matchDate": "29-Jun-16"
     },
     {
      "ranking": 64,
      "name": "RG Sharma",
      "runs": 162,
      "balls": 137,
      "fours": 20,
      "sixes": 4,
      "sr": 118.24,
      "team": "India",
      "opposition": "v West Indies",
      "matchDate": "29-Oct-18"
     },
     {
      "ranking": 65,
      "name": "CH Gayle",
      "runs": 162,
      "balls": 97,
      "fours": 11,
      "sixes": 14,
      "sr": 167.01,
      "team": "West Indies",
      "opposition": "v England",
      "matchDate": "27-Feb-19"
     },
     {
      "ranking": 66,
      "name": "SR Watson",
      "runs": "161*",
      "balls": 150,
      "fours": 12,
      "sixes": 4,
      "sr": 107.33,
      "team": "Australia",
      "opposition": "v England",
      "matchDate": "16-Jan-11"
     },
     {
      "ranking": 67,
      "name": "TM Dilshan",
      "runs": "161*",
      "balls": 146,
      "fours": 22,
      "sixes": 0,
      "sr": 110.27,
      "team": "Sri Lanka",
      "opposition": "v Bangladesh",
      "matchDate": "26-Feb-15"
     },
     {
      "ranking": 68,
      "name": "AC Hudson",
      "runs": 161,
      "balls": 132,
      "fours": 13,
      "sixes": 4,
      "sr": 121.96,
      "team": "South Africa",
      "opposition": "v Netherlands",
      "matchDate": "05-Mar-96"
     },
     {
      "ranking": 69,
      "name": "JAH Marshall",
      "runs": 161,
      "balls": 141,
      "fours": 11,
      "sixes": 4,
      "sr": 114.18,
      "team": "New Zealand",
      "opposition": "v Ireland",
      "matchDate": "01-Jul-08"
     },
     {
      "ranking": 70,
      "name": "TM Dilshan",
      "runs": "160*",
      "balls": 165,
      "fours": 11,
      "sixes": 3,
      "sr": 96.96,
      "team": "Sri Lanka",
      "opposition": "v India",
      "matchDate": "28-Feb-12"
     },
     {
      "ranking": 71,
      "name": "EC Joyce",
      "runs": "160*",
      "balls": 148,
      "fours": 19,
      "sixes": 3,
      "sr": 108.1,
      "team": "Ireland",
      "opposition": "v Afghanistan",
      "matchDate": "19-Jul-16"
     },
     {
      "ranking": 72,
      "name": "V Kohli",
      "runs": "160*",
      "balls": 159,
      "fours": 12,
      "sixes": 2,
      "sr": 100.62,
      "team": "India",
      "opposition": "v South Africa",
      "matchDate": "07-Feb-18"
     },
     {
      "ranking": 73,
      "name": "Imran Nazir",
      "runs": 160,
      "balls": 121,
      "fours": 14,
      "sixes": 8,
      "sr": 132.23,
      "team": "Pakistan",
      "opposition": "v Zimbabwe",
      "matchDate": "21-Mar-07"
     },
     {
      "ranking": 74,
      "name": "TM Dilshan",
      "runs": 160,
      "balls": 124,
      "fours": 20,
      "sixes": 3,
      "sr": 129.03,
      "team": "Sri Lanka",
      "opposition": "v India",
      "matchDate": "15-Dec-09"
     },
     {
      "ranking": 75,
      "name": "D Mongia",
      "runs": "159*",
      "balls": 147,
      "fours": 17,
      "sixes": 1,
      "sr": 108.16,
      "team": "India",
      "opposition": "v Zimbabwe",
      "matchDate": "19-Mar-02"
     },
     {
      "ranking": 76,
      "name": "HM Amla",
      "runs": 159,
      "balls": 128,
      "fours": 16,
      "sixes": 4,
      "sr": 124.21,
      "team": "South Africa",
      "opposition": "v Ireland",
      "matchDate": "03-Mar-15"
     },
     {
      "ranking": 77,
      "name": "RG Sharma",
      "runs": 159,
      "balls": 138,
      "fours": 17,
      "sixes": 5,
      "sr": 115.21,
      "team": "India",
      "opposition": "v West Indies",
      "matchDate": "18-Dec-19"
     },
     {
      "ranking": 78,
      "name": "DI Gower",
      "runs": 158,
      "balls": 118,
      "fours": 18,
      "sixes": 4,
      "sr": 133.89,
      "team": "England",
      "opposition": "v New Zealand",
      "matchDate": "15-Jan-83"
     },
     {
      "ranking": 79,
      "name": "ML Hayden",
      "runs": 158,
      "balls": 143,
      "fours": 14,
      "sixes": 4,
      "sr": 110.48,
      "team": "Australia",
      "opposition": "v West Indies",
      "matchDate": "27-Mar-07"
     },
     {
      "ranking": 80,
      "name": "AJ Strauss",
      "runs": 158,
      "balls": 145,
      "fours": 18,
      "sixes": 1,
      "sr": 108.96,
      "team": "England",
      "opposition": "v India",
      "matchDate": "27-Feb-11"
     },
     {
      "ranking": 81,
      "name": "XM Marshall",
      "runs": "157*",
      "balls": 118,
      "fours": 11,
      "sixes": 12,
      "sr": 133.05,
      "team": "West Indies",
      "opposition": "v Canada",
      "matchDate": "22-Aug-08"
     },
     {
      "ranking": 82,
      "name": "CS MacLeod",
      "runs": "157*",
      "balls": 146,
      "fours": 23,
      "sixes": 1,
      "sr": 107.53,
      "team": "Scotland",
      "opposition": "v Afghanistan",
      "matchDate": "04-Mar-18"
     },
     {
      "ranking": 83,
      "name": "V Kohli",
      "runs": "157*",
      "balls": 129,
      "fours": 13,
      "sixes": 4,
      "sr": 121.7,
      "team": "India",
      "opposition": "v West Indies",
      "matchDate": "24-Oct-18"
     },
     {
      "ranking": 84,
      "name": "ST Jayasuriya",
      "runs": 157,
      "balls": 104,
      "fours": 24,
      "sixes": 1,
      "sr": 150.96,
      "team": "Sri Lanka",
      "opposition": "v Netherlands",
      "matchDate": "04-Jul-06"
     },
     {
      "ranking": 85,
      "name": "BC Lara",
      "runs": 156,
      "balls": 138,
      "fours": 12,
      "sixes": 5,
      "sr": 113.04,
      "team": "West Indies",
      "opposition": "v Pakistan",
      "matchDate": "28-Jan-05"
     },
     {
      "ranking": 86,
      "name": "A Symonds",
      "runs": 156,
      "balls": 127,
      "fours": 12,
      "sixes": 8,
      "sr": 122.83,
      "team": "Australia",
      "opposition": "v New Zealand",
      "matchDate": "07-Dec-05"
     },
     {
      "ranking": 87,
      "name": "H Masakadza",
      "runs": 156,
      "balls": 151,
      "fours": 11,
      "sixes": 6,
      "sr": 103.31,
      "team": "Zimbabwe",
      "opposition": "v Kenya",
      "matchDate": "12-Oct-09"
     },
     {
      "ranking": 88,
      "name": "GJ Bailey",
      "runs": 156,
      "balls": 114,
      "fours": 13,
      "sixes": 6,
      "sr": 136.84,
      "team": "Australia",
      "opposition": "v India",
      "matchDate": "30-Oct-13"
     },
     {
      "ranking": 89,
      "name": "KJ Coetzer",
      "runs": 156,
      "balls": 134,
      "fours": 17,
      "sixes": 4,
      "sr": 116.41,
      "team": "Scotland",
      "opposition": "v Bangladesh",
      "matchDate": "05-Mar-15"
     },
     {
      "ranking": 90,
      "name": "DA Warner",
      "runs": 156,
      "balls": 128,
      "fours": 13,
      "sixes": 4,
      "sr": 121.87,
      "team": "Australia",
      "opposition": "v New Zealand",
      "matchDate": "09-Dec-16"
     },
     {
      "ranking": 91,
      "name": "V Kohli",
      "runs": "154*",
      "balls": 134,
      "fours": 16,
      "sixes": 1,
      "sr": 114.92,
      "team": "India",
      "opposition": "v New Zealand",
      "matchDate": "23-Oct-16"
     },
     {
      "ranking": 92,
      "name": "AC Gilchrist",
      "runs": 154,
      "balls": 129,
      "fours": 14,
      "sixes": 4,
      "sr": 119.37,
      "team": "Australia",
      "opposition": "v Sri Lanka",
      "matchDate": "07-Feb-99"
     },
     {
      "ranking": 93,
      "name": "Tamim Iqbal",
      "runs": 154,
      "balls": 138,
      "fours": 7,
      "sixes": 6,
      "sr": 111.59,
      "team": "Bangladesh",
      "opposition": "v Zimbabwe",
      "matchDate": "16-Aug-09"
     },
     {
      "ranking": 94,
      "name": "AJ Strauss",
      "runs": 154,
      "balls": 140,
      "fours": 16,
      "sixes": 5,
      "sr": 110,
      "team": "England",
      "opposition": "v Bangladesh",
      "matchDate": "12-Jul-10"
     },
     {
      "ranking": 95,
      "name": "HM Amla",
      "runs": 154,
      "balls": 134,
      "fours": 15,
      "sixes": 5,
      "sr": 114.92,
      "team": "South Africa",
      "opposition": "v Sri Lanka",
      "matchDate": "10-Feb-17"
     },
     {
      "ranking": 96,
      "name": "CS MacLeod",
      "runs": 154,
      "balls": 163,
      "fours": 15,
      "sixes": 3,
      "sr": 94.47,
      "team": "Scotland",
      "opposition": "v P.N.G.",
      "matchDate": "06-Oct-17"
     },
     {
      "ranking": 97,
      "name": "IVA Richards",
      "runs": "153*",
      "balls": 130,
      "fours": 16,
      "sixes": 1,
      "sr": 117.69,
      "team": "West Indies",
      "opposition": "v Australia",
      "matchDate": "09-Dec-79"
     },
     {
      "ranking": 98,
      "name": "M Azharuddin",
      "runs": "153*",
      "balls": 150,
      "fours": 17,
      "sixes": 1,
      "sr": 102,
      "team": "India",
      "opposition": "v Zimbabwe",
      "matchDate": "09-Apr-98"
     },
     {
      "ranking": 99,
      "name": "SC Ganguly",
      "runs": "153*",
      "balls": 150,
      "fours": 18,
      "sixes": 3,
      "sr": 102,
      "team": "India",
      "opposition": "v New Zealand",
      "matchDate": "11-Nov-99"
     },
     {
      "ranking": 100,
      "name": "CH Gayle",
      "runs": "153*",
      "balls": 160,
      "fours": 19,
      "sixes": 2,
      "sr": 95.62,
      "team": "West Indies",
      "opposition": "v Zimbabwe",
      "matchDate": "22-Nov-03"
     },
     {
      "ranking": 101,
      "name": "HM Amla",
      "runs": "153*",
      "balls": 142,
      "fours": 14,
      "sixes": 0,
      "sr": 107.74,
      "team": "South Africa",
      "opposition": "v West Indies",
      "matchDate": "18-Jan-15"
     },
     {
      "ranking": 102,
      "name": "AJ Finch",
      "runs": "153*",
      "balls": 143,
      "fours": 11,
      "sixes": 6,
      "sr": 106.99,
      "team": "Australia",
      "opposition": "v Pakistan",
      "matchDate": "24-Mar-19"
     },
     {
      "ranking": 103,
      "name": "BC Lara",
      "runs": 153,
      "balls": 143,
      "fours": 21,
      "sixes": 0,
      "sr": 106.99,
      "team": "West Indies",
      "opposition": "v Pakistan",
      "matchDate": "05-Nov-93"
     },
     {
      "ranking": 104,
      "name": "R Dravid",
      "runs": 153,
      "balls": 153,
      "fours": 15,
      "sixes": 2,
      "sr": 100,
      "team": "India",
      "opposition": "v New Zealand",
      "matchDate": "08-Nov-99"
     },
     {
      "ranking": 105,
      "name": "HH Gibbs",
      "runs": 153,
      "balls": 131,
      "fours": 17,
      "sixes": 3,
      "sr": 116.79,
      "team": "South Africa",
      "opposition": "v Bangladesh",
      "matchDate": "03-Oct-02"
     },
     {
      "ranking": 106,
      "name": "JJ Roy",
      "runs": 153,
      "balls": 121,
      "fours": 14,
      "sixes": 5,
      "sr": 126.44,
      "team": "England",
      "opposition": "v Bangladesh",
      "matchDate": "08-Jun-19"
     },
     {
      "ranking": 107,
      "name": "AJ Finch",
      "runs": 153,
      "balls": 132,
      "fours": 15,
      "sixes": 5,
      "sr": 115.9,
      "team": "Australia",
      "opposition": "v Sri Lanka",
      "matchDate": "15-Jun-19"
     },
     {
      "ranking": 108,
      "name": "DL Haynes",
      "runs": "152*",
      "balls": 126,
      "fours": 12,
      "sixes": 6,
      "sr": 120.63,
      "team": "West Indies",
      "opposition": "v India",
      "matchDate": "21-Mar-89"
     },
     {
      "ranking": 109,
      "name": "CH Gayle",
      "runs": "152*",
      "balls": 153,
      "fours": 12,
      "sixes": 3,
      "sr": 99.34,
      "team": "West Indies",
      "opposition": "v South Africa",
      "matchDate": "04-Feb-04"
     },
     {
      "ranking": 110,
      "name": "RG Sharma",
      "runs": "152*",
      "balls": 117,
      "fours": 15,
      "sixes": 8,
      "sr": 129.91,
      "team": "India",
      "opposition": "v West Indies",
      "matchDate": "21-Oct-18"
     },
     {
      "ranking": 111,
      "name": "CH Gayle",
      "runs": 152,
      "balls": 150,
      "fours": 17,
      "sixes": 1,
      "sr": 101.33,
      "team": "West Indies",
      "opposition": "v Kenya",
      "matchDate": "15-Aug-01"
     },
     {
      "ranking": 112,
      "name": "SR Tendulkar",
      "runs": 152,
      "balls": 151,
      "fours": 18,
      "sixes": 0,
      "sr": 100.66,
      "team": "India",
      "opposition": "v Namibia",
      "matchDate": "23-Feb-03"
     },
     {
      "ranking": 113,
      "name": "AJ Strauss",
      "runs": 152,
      "balls": 128,
      "fours": 19,
      "sixes": 0,
      "sr": 118.75,
      "team": "England",
      "opposition": "v Bangladesh",
      "matchDate": "21-Jun-05"
     },
     {
      "ranking": 114,
      "name": "ST Jayasuriya",
      "runs": 152,
      "balls": 99,
      "fours": 20,
      "sixes": 4,
      "sr": 153.53,
      "team": "Sri Lanka",
      "opposition": "v England",
      "matchDate": "01-Jul-06"
     },
     {
      "ranking": 115,
      "name": "Sharjeel Khan",
      "runs": 152,
      "balls": 86,
      "fours": 16,
      "sixes": 9,
      "sr": 176.74,
      "team": "Pakistan",
      "opposition": "v Ireland",
      "matchDate": "18-Aug-16"
     },
     {
      "ranking": 116,
      "name": "ST Jayasuriya",
      "runs": "151*",
      "balls": 120,
      "fours": 17,
      "sixes": 4,
      "sr": 125.83,
      "team": "Sri Lanka",
      "opposition": "v India",
      "matchDate": "17-May-97"
     },
     {
      "ranking": 117,
      "name": "A Symonds",
      "runs": 151,
      "balls": 127,
      "fours": 13,
      "sixes": 3,
      "sr": 118.89,
      "team": "Australia",
      "opposition": "v Sri Lanka",
      "matchDate": "12-Feb-06"
     },
     {
      "ranking": 118,
      "name": "SE Marsh",
      "runs": 151,
      "balls": 151,
      "fours": 16,
      "sixes": 5,
      "sr": 100,
      "team": "Australia",
      "opposition": "v Scotland",
      "matchDate": "03-Sep-13"
     },
     {
      "ranking": 119,
      "name": "TP Ura",
      "runs": 151,
      "balls": 142,
      "fours": 10,
      "sixes": 6,
      "sr": 106.33,
      "team": "P.N.G.",
      "opposition": "v Ireland",
      "matchDate": "06-Mar-18"
     },
     {
      "ranking": 120,
      "name": "Imam-ul-Haq",
      "runs": 151,
      "balls": 131,
      "fours": 16,
      "sixes": 1,
      "sr": 115.26,
      "team": "Pakistan",
      "opposition": "v England",
      "matchDate": "14-May-19"
     },
     {
      "ranking": 121,
      "name": "G Gambhir",
      "runs": "150*",
      "balls": 137,
      "fours": 14,
      "sixes": 0,
      "sr": 109.48,
      "team": "India",
      "opposition": "v Sri Lanka",
      "matchDate": "24-Dec-09"
     },
     {
      "ranking": 122,
      "name": "JP Duminy",
      "runs": "150*",
      "balls": 122,
      "fours": 5,
      "sixes": 8,
      "sr": 122.95,
      "team": "South Africa",
      "opposition": "v Netherlands",
      "matchDate": "31-May-13"
     },
     {
      "ranking": 123,
      "name": "S Chanderpaul",
      "runs": 150,
      "balls": 136,
      "fours": 20,
      "sixes": 0,
      "sr": 110.29,
      "team": "West Indies",
      "opposition": "v South Africa",
      "matchDate": "24-Jan-99"
     },
     {
      "ranking": 124,
      "name": "G Gambhir",
      "runs": 150,
      "balls": 147,
      "fours": 14,
      "sixes": 1,
      "sr": 102.04,
      "team": "India",
      "opposition": "v Sri Lanka",
      "matchDate": "05-Feb-09"
     },
     {
      "ranking": 125,
      "name": "HM Amla",
      "runs": 150,
      "balls": 124,
      "fours": 16,
      "sixes": 0,
      "sr": 120.96,
      "team": "South Africa",
      "opposition": "v England",
      "matchDate": "28-Aug-12"
     },
     {
      "ranking": 126,
      "name": "RG Sharma",
      "runs": 150,
      "balls": 133,
      "fours": 13,
      "sixes": 6,
      "sr": 112.78,
      "team": "India",
      "opposition": "v South Africa",
      "matchDate": "11-Oct-15"
     },
     {
      "ranking": 127,
      "name": "Yuvraj Singh",
      "runs": 150,
      "balls": 127,
      "fours": 21,
      "sixes": 3,
      "sr": 118.11,
      "team": "India",
      "opposition": "v England",
      "matchDate": "19-Jan-17"
     },
     {
      "ranking": 128,
      "name": "JC Buttler",
      "runs": 150,
      "balls": 77,
      "fours": 13,
      "sixes": 12,
      "sr": 194.8,
      "team": "England",
      "opposition": "v West Indies",
      "matchDate": "27-Feb-19"
     }
    ],
    "Sheet2":[
     null,
     {
      "https:\/\/www.upgrad.com\/blog\/full-stack-coding-project-ideas-topics-for-beginners\/": "Highest totals"
     },
     {
      "https:\/\/www.upgrad.com\/blog\/full-stack-coding-project-ideas-topics-for-beginners\/": "Team",
      "Column2": "Score",
      "Column3": "Overs",
      "Column4": "RR",
      "Column5": "Inns",
      "Column7": "Opposition",
      "Column8": "Ground",
      "Column9": "Match Date",
      "Column10": "Scorecard"
     },
     {
      "https:\/\/www.upgrad.com\/blog\/full-stack-coding-project-ideas-topics-for-beginners\/": "England",
      "Column2": "498\/4",
      "Column3": 50,
      "Column4": 9.96,
      "Column5": 1,
      "Column7": "v Netherlands",
      "Column8": "Amstelveen",
      "Column9": "17-Jun-22",
      "Column10": "ODI # 4413"
     },
     {
      "https:\/\/www.upgrad.com\/blog\/full-stack-coding-project-ideas-topics-for-beginners\/": "England",
      "Column2": "481\/6",
      "Column3": 50,
      "Column4": 9.62,
      "Column5": 1,
      "Column7": "v Australia",
      "Column8": "Nottingham",
      "Column9": "19-Jun-18",
      "Column10": "ODI # 4011"
     },
     {
      "https:\/\/www.upgrad.com\/blog\/full-stack-coding-project-ideas-topics-for-beginners\/": "England",
      "Column2": "444\/3",
      "Column3": 50,
      "Column4": 8.88,
      "Column5": 1,
      "Column7": "v Pakistan",
      "Column8": "Nottingham",
      "Column9": "30-Aug-16",
      "Column10": "ODI # 3773"
     },
     {
      "https:\/\/www.upgrad.com\/blog\/full-stack-coding-project-ideas-topics-for-beginners\/": "Sri Lanka",
      "Column2": "443\/9",
      "Column3": 50,
      "Column4": 8.86,
      "Column5": 1,
      "Column7": "v Netherlands",
      "Column8": "Amstelveen",
      "Column9": "04-Jul-06",
      "Column10": "ODI # 2390"
     },
     {
      "https:\/\/www.upgrad.com\/blog\/full-stack-coding-project-ideas-topics-for-beginners\/": "South Africa",
      "Column2": "439\/2",
      "Column3": 50,
      "Column4": 8.78,
      "Column5": 1,
      "Column7": "v West Indies",
      "Column8": "Johannesburg",
      "Column9": "18-Jan-15",
      "Column10": "ODI # 3583"
     },
     {
      "https:\/\/www.upgrad.com\/blog\/full-stack-coding-project-ideas-topics-for-beginners\/": "South Africa",
      "Column2": "438\/9",
      "Column3": 49.5,
      "Column4": 8.78,
      "Column5": 2,
      "Column7": "v Australia",
      "Column8": "Johannesburg",
      "Column9": "12-Mar-06",
      "Column10": "ODI # 2349"
     },
     {
      "https:\/\/www.upgrad.com\/blog\/full-stack-coding-project-ideas-topics-for-beginners\/": "South Africa",
      "Column2": "438\/4",
      "Column3": 50,
      "Column4": 8.76,
      "Column5": 1,
      "Column7": "v India",
      "Column8": "Wankhede",
      "Column9": "25-Oct-15",
      "Column10": "ODI # 3700"
     },
     {
      "https:\/\/www.upgrad.com\/blog\/full-stack-coding-project-ideas-topics-for-beginners\/": "Australia",
      "Column2": "434\/4",
      "Column3": 50,
      "Column4": 8.68,
      "Column5": 1,
      "Column7": "v South Africa",
      "Column8": "Johannesburg",
      "Column9": "12-Mar-06",
      "Column10": "ODI # 2349"
     },
     {
      "https:\/\/www.upgrad.com\/blog\/full-stack-coding-project-ideas-topics-for-beginners\/": "South Africa",
      "Column2": "418\/5",
      "Column3": 50,
      "Column4": 8.36,
      "Column5": 1,
      "Column7": "v Zimbabwe",
      "Column8": "Potchefstroom",
      "Column9": "20-Sep-06",
      "Column10": "ODI # 2420"
     },
     {
      "https:\/\/www.upgrad.com\/blog\/full-stack-coding-project-ideas-topics-for-beginners\/": "India",
      "Column2": "418\/5",
      "Column3": 50,
      "Column4": 8.36,
      "Column5": 1,
      "Column7": "v West Indies",
      "Column8": "Indore",
      "Column9": "08-Dec-11",
      "Column10": "ODI # 3223"
     },
     {
      "https:\/\/www.upgrad.com\/blog\/full-stack-coding-project-ideas-topics-for-beginners\/": "England",
      "Column2": "418\/6",
      "Column3": 50,
      "Column4": 8.36,
      "Column5": 1,
      "Column7": "v West Indies",
      "Column8": "St George's",
      "Column9": "27-Feb-19",
      "Column10": "ODI # 4099"
     },
     {
      "https:\/\/www.upgrad.com\/blog\/full-stack-coding-project-ideas-topics-for-beginners\/": "Australia",
      "Column2": "417\/6",
      "Column3": 50,
      "Column4": 8.34,
      "Column5": 1,
      "Column7": "v Afghanistan",
      "Column8": "Perth",
      "Column9": "04-Mar-15",
      "Column10": "ODI # 3623"
     },
     {
      "https:\/\/www.upgrad.com\/blog\/full-stack-coding-project-ideas-topics-for-beginners\/": "India",
      "Column2": "414\/7",
      "Column3": 50,
      "Column4": 8.28,
      "Column5": 1,
      "Column7": "v Sri Lanka",
      "Column8": "Rajkot",
      "Column9": "15-Dec-09",
      "Column10": "ODI # 2932"
     },
     {
      "https:\/\/www.upgrad.com\/blog\/full-stack-coding-project-ideas-topics-for-beginners\/": "India",
      "Column2": "413\/5",
      "Column3": 50,
      "Column4": 8.26,
      "Column5": 1,
      "Column7": "v Bermuda",
      "Column8": "Port of Spain",
      "Column9": "19-Mar-07",
      "Column10": "ODI # 2542"
     },
     {
      "https:\/\/www.upgrad.com\/blog\/full-stack-coding-project-ideas-topics-for-beginners\/": "Sri Lanka",
      "Column2": "411\/8",
      "Column3": 50,
      "Column4": 8.22,
      "Column5": 2,
      "Column7": "v India",
      "Column8": "Rajkot",
      "Column9": "15-Dec-09",
      "Column10": "ODI # 2932"
     },
     {
      "https:\/\/www.upgrad.com\/blog\/full-stack-coding-project-ideas-topics-for-beginners\/": "South Africa",
      "Column2": "411\/4",
      "Column3": 50,
      "Column4": 8.22,
      "Column5": 1,
      "Column7": "v Ireland",
      "Column8": "Canberra",
      "Column9": "03-Mar-15",
      "Column10": "ODI # 362"
     }
    ]
    }